{
  "epoch": [
    1,
    2,
    3,
    4,
    5
  ],
  "coherence": [
    0.0,
    0.0,
    0.0,
    0.0,
    0.0
  ],
  "separation": [
    0.6838637590408325,
    0.2372647374868393,
    0.02637183479964733,
    0.017142079770565033,
    0.010030246339738369
  ],
  "reg": [
    1.0,
    0.9999999403953552,
    1.0,
    1.0,
    1.0
  ],
  "total": [
    0.30515915155410767,
    0.1711794137954712,
    0.10791154950857162,
    0.10514262318611145,
    0.10300907492637634
  ]
}